rank,hero,id,high_mmr_wr,all_mmr_wr,wr_lift_pp,high_mmr_matches,high_mmr_players,candidates_hmmr,recommended_cost,ap_priority,best_full_order_wr,best_full_order_n,best_opener,best_opener_wr,consensus_core_items
1,Paige,67,54.58%,55.72%,-1.14,8441,,26,59200,Plot Armor > Captivating Read > Bookwyrm > Rallying Charge,66.97%,330,Plot Armor → Plot Armor → Captivating Read → Bookwyrm,56.60%,
2,Dynamo,11,53.74%,52.67%,+1.07,6155,,30,65600,Rejuvenating Aurora > Kinetic Pulse > Singularity > Quantum Entanglement,68.55%,124,Kinetic Pulse → Kinetic Pulse → Rejuvenating Aurora → Rejuvenating Aurora,59.51%,
3,Seven,2,53.57%,55.06%,-1.49,5918,,32,67200,Power Surge > Storm Cloud > Lightning Ball > Static Charge,69.12%,204,Static Charge → Static Charge → Power Surge → Power Surge,58.17%,
4,Kelvin,12,53.55%,54.26%,-0.71,5175,,31,54400,Ice Path > Arctic Beam > Frost Grenade > Frozen Shelter,,,Frost Grenade → Frost Grenade → Arctic Beam → Ice Path,60.87%,
5,Celeste,81,53.39%,49.59%,+3.80,4941,,25,63200,Light Eater > Dazzling Trick > Shining Wonder > Radiant Daggers,66.82%,211,Light Eater → Radiant Daggers → Radiant Daggers → Dazzling Trick,57.69%,
6,Vyper,58,52.98%,49.18%,+3.80,4911,,26,71200,Slither > Petrifying Bola > Lethal Venom > Screwjab Dagger,60.87%,253,Screwjab Dagger → Lethal Venom → Lethal Venom → Slither,64.18%,
7,Mo & Krill,18,52.76%,53.27%,-0.51,9533,,34,68000,Burrow > Scorn > Combo > Sand Blast,70.07%,147,Scorn → Scorn → Burrow → Sand Blast,57.95%,
8,McGinnis,8,51.94%,49.35%,+2.59,3864,,27,62400,Spectral Wall > Mini Turret > Medicinal Specter > Heavy Barrage,65.38%,130,Spectral Wall → Medicinal Specter → Mini Turret → Mini Turret,54.89%,
9,Yamato,27,51.79%,50.10%,+1.69,9102,,42,66400,Crimson Slash > Flying Slash > Shadow Transformation > Power Slash,71.36%,199,Crimson Slash → Power Slash → Flying Slash → Flying Slash,56.04%,
10,Victor,66,51.44%,56.43%,-4.99,5900,,34,73600,Pain Battery > Shocking Reanimation > Jumpstart > Aura of Suffering,69.20%,263,Pain Battery → Pain Battery → Jumpstart → Aura of Suffering,53.23%,
11,Billy,72,51.30%,49.18%,+2.12,7128,,37,58400,Bashdown > Blasted > Chain Gang > Rising Ram,71.65%,127,Blasted → Blasted → Bashdown → Rising Ram,52.81%,
12,Calico,16,51.11%,51.85%,-0.74,10397,,32,69600,Return to Shadows > Gloom Bombs > Ava > Leaping Slash,68.59%,1302,Leaping Slash → Gloom Bombs → Ava → Ava,52.41%,
13,Haze,13,51.11%,53.12%,-2.01,15530,,47,64000,Sleep Dagger > Fixation > Smoke Bomb > Bullet Dance,72.64%,1100,Fixation → Fixation → Sleep Dagger → Sleep Dagger,55.41%,
14,Abrams,6,51.05%,52.13%,-1.08,8207,,38,51200,Shoulder Charge > Seismic Impact > Infernal Resilience > Siphon Life,72.77%,235,Infernal Resilience → Infernal Resilience → Shoulder Charge → Shoulder Charge,52.14%,
15,Ivy,20,50.99%,52.63%,-1.64,7645,,47,72000,Air Drop > Kudzu Connection > Stone Form > Entangling Thorns,61.06%,208,Stone Form → Stone Form → Kudzu Connection → Entangling Thorns,60.76%,
16,Graves,76,50.93%,56.78%,-5.85,5205,,37,74400,Grasping Hands > Essence Theft > Borrowed Decree > Jar of Dead,58.13%,246,Jar of Dead → Jar of Dead → Grasping Hands → Essence Theft,53.18%,
17,Apollo,77,50.70%,50.70%,+0.00,4793,,30,42400,Flawless Advance > Riposte > Itani Lo Sahn > Disengaging Sigil,69.12%,136,Flawless Advance → Flawless Advance → Disengaging Sigil → Riposte,58.99%,
18,Wraith,7,50.66%,49.03%,+1.63,9936,,39,63200,Card Trick > Full Auto > Project Mind > Telekinesis,76.19%,105,Card Trick → Card Trick → Full Auto → Project Mind,52.78%,
19,Drifter,64,50.23%,50.94%,-0.71,12316,,49,75200,Stalker's Mark > Rend > Eternal Night > Bloodscent,70.64%,109,Rend → Rend → Bloodscent → Stalker's Mark,51.33%,
20,Lash,31,50.03%,51.16%,-1.13,13825,,38,64000,Flog > Ground Strike > Death Slam > Grapple,66.51%,209,Ground Strike → Flog → Flog → Grapple,53.97%,
21,Vindicta,3,49.81%,50.52%,-0.71,7844,,32,59200,Flight > Assassinate > Crow Familiar > Stake,62.37%,194,Crow Familiar → Crow Familiar → Stake → Flight,53.06%,
22,Holliday,14,49.39%,47.72%,+1.67,5874,,37,56000,Powder Keg > Spirit Lasso > Bounce Pad > Crackshot,65.81%,155,Powder Keg → Powder Keg → Bounce Pad → Crackshot,54.42%,
23,Silver,80,48.90%,47.04%,+1.86,6225,,39,56800,Lycan Curse > Boot Kick > Entangling Bola > Slam Fire,62.54%,339,Slam Fire → Slam Fire → Boot Kick → Boot Kick,49.62%,
24,Grey Talon,17,48.71%,47.86%,+0.85,4005,,22,59200,Charged Shot > Guided Owl > Spirit Snare > Rain of Arrows,57.56%,205,Charged Shot → Charged Shot → Rain of Arrows → Spirit Snare,58.91%,
25,Mina,63,48.71%,45.90%,+2.81,8594,,24,72000,Rake > Sanguine Retreat > Love Bites > Nox Nostra,69.31%,189,Love Bites → Rake → Rake → Sanguine Retreat,50.08%,
26,Lady Geist,4,48.22%,52.28%,-4.06,5203,,33,55200,Life Drain > Malice > Soul Exchange > Essence Bomb,61.86%,118,Life Drain → Life Drain → Essence Bomb → Malice,54.09%,
27,Pocket,50,48.03%,46.29%,+1.74,7226,,26,72800,Flying Cloak > Affliction > Enchanter's Satchel > Barrage,66.07%,112,Flying Cloak → Flying Cloak → Enchanter's Satchel → Enchanter's Satchel,49.83%,
28,Venator,65,47.97%,45.73%,+2.24,9364,,39,60800,Ira Domini > Consecrating Grenade > Gutshot > Hex-Lined Snap Trap,69.26%,257,Gutshot → Gutshot → Consecrating Grenade → Hex-Lined Snap Trap,49.02%,
29,Bebop,15,47.79%,46.62%,+1.17,12553,,56,67200,Grapple Arm > Exploding Uppercut > Sticky Bomb > Hyper Beam,64.08%,103,Exploding Uppercut → Exploding Uppercut → Grapple Arm → Sticky Bomb,50.83%,
30,Infernus,1,47.70%,49.14%,-1.44,8724,,31,63200,Napalm > Afterburn > Concussive Combustion > Flame Dash,64.88%,205,Afterburn → Afterburn → Napalm → Napalm,54.20%,
31,Warden,25,47.69%,48.68%,-0.99,3095,,22,44000,Alchemical Flask > Willpower > Binding Word > Last Stand,66.08%,171,Alchemical Flask → Alchemical Flask → Willpower → Binding Word,48.11%,
32,Rem,79,47.64%,47.41%,+0.23,5187,,32,62400,Tag Along > Lil Helpers > Naptime > Pillow Toss,63.56%,118,Tag Along → Tag Along → Pillow Toss → Pillow Toss,49.01%,
33,Shiv,19,47.03%,46.15%,+0.88,10223,,46,68800,Serrated Knives > Killing Blow > Bloodletting > Slice and Dice,69.11%,123,Serrated Knives → Serrated Knives → Slice and Dice → Bloodletting,47.53%,
34,The Doorman,69,46.60%,45.85%,+0.75,3232,,23,59200,Call Bell > Luggage Cart > Doorway > Hotel Guest,,,,,
35,Viscous,35,46.33%,45.91%,+0.42,4647,,33,67200,Splatter > The Cube > Puddle Punch > Goo Ball,58.66%,283,Splatter → Splatter → The Cube → Puddle Punch,48.75%,
36,Sinclair,60,46.19%,43.94%,+2.25,3923,,29,58400,Audience Participation > Rabbit Hex > Spectral Assistant > Vexing Bolt,62.50%,112,Spectral Assistant → Spectral Assistant → Vexing Bolt → Rabbit Hex,46.28%,
37,Paradox,10,45.94%,45.99%,-0.05,8382,,36,57600,Kinetic Carbine > Paradoxical Swap > Time Wall > Pulse Grenade,62.17%,378,Pulse Grenade → Kinetic Carbine → Kinetic Carbine → Time Wall,48.75%,
38,Mirage,52,45.27%,43.95%,+1.32,3844,,27,64000,Dust Devil > Djinn's Mark > Fire Scarabs > Traveler,57.64%,144,Fire Scarabs → Fire Scarabs → Djinn's Mark → Djinn's Mark,48.05%,
